cal	D	D	D	D	D	D	D	D	D	D	D	D	D	D	D	C	C	C	C	C	C
block	1032	1031	1021	1032	1031	1031	1031	1031	1032	1021	1031	1032	1021	1031	1031	2021	2021	2021	2021	2021	2021
305	05:08	06:08	07:08	08:08	09:08	11:08	13:08	15:08	16:08	17:08	18:08	19:08	20:08	21:08	23:08	05:08	09:08	12:08	15:08	18:08	22:08
262	05:09	06:09	07:09	08:09	09:09	11:09	13:09	15:09	16:09	17:09	18:09	19:09	20:09	21:09	23:09	05:09	09:09	12:09	15:09	18:09	22:09
138	05:12	06:12	07:12	08:12	09:12	11:12	13:12	15:12	16:12	17:12	18:12	19:12	20:12	21:12	23:12	05:12	09:12	12:12	15:12	18:12	22:12
136	05:13	06:13	07:13	08:13	09:13	11:13	13:13	15:13	16:13	17:13	18:13	19:13	20:13	21:13	23:13	05:13	09:13	12:13	15:13	18:13	22:13
140	05:14	06:14	07:14	08:14	09:14	11:14	13:14	15:14	16:14	17:14	18:14	19:14	20:14	21:14	23:14	05:14	09:14	12:14	15:14	18:14	22:14
384	05:15	06:15	07:15	08:15	09:15	11:15	13:15	15:15	16:15	17:15	18:15	19:15	20:15	21:15	23:15	05:15	09:15	12:15	15:15	18:15	22:15
386	05:16	06:16	07:16	08:16	09:16	11:16	13:16	15:16	16:16	17:16	18:16	19:16	20:16	21:16	23:16	05:16	09:16	12:16	15:16	18:16	22:16
288	05:17	06:17	07:17	08:17	09:17	11:17	13:17	15:17	16:17	17:17	18:17	19:17	20:17	21:17	23:17	05:17	09:17	12:17	15:17	18:17	22:17
258	05:18	06:18	07:18	08:18	09:18	11:18	13:18	15:18	16:18	17:18	18:18	19:18	20:18	21:18	23:18	05:18	09:18	12:18	15:18	18:18	22:18
256	05:19	06:19	07:19	08:19	09:19	11:19	13:19	15:19	16:19	17:19	18:19	19:19	20:19	21:19	23:19	05:19	09:19	12:19	15:19	18:19	22:19
207	05:20	06:20	07:20	08:20	09:20	11:20	13:20	15:20	16:20	17:20	18:20	19:20	20:20	21:20	23:20	05:20	09:20	12:20	15:20	18:20	22:20
206	05:21	06:21	07:21	08:21	09:21	11:21	13:21	15:21	16:21	17:21	18:21	19:21	20:21	21:21	23:21	05:21	09:21	12:21	15:21	18:21	22:21
421	05:23	06:23	07:23	08:23	09:23	11:23	13:23	15:23	16:23	17:23	18:23	19:23	20:23	21:23	23:23	05:23	09:23	12:23	15:23	18:23	22:23
205	05:25	06:25	07:25	08:25	09:25	11:25	13:25	15:25	16:25	17:25	18:25	19:25	20:25	21:25	23:25	05:25	09:25	12:25	15:25	18:25	22:25
209	05:26	06:26	07:26	08:26	09:26	11:26	13:26	15:26	16:26	17:26	18:26	19:26	20:26	21:26	23:26	05:26	09:26	12:26	15:26	18:26	22:26
171	05:28	06:28	07:28	08:28	09:28	11:28	13:28	15:28	16:28	17:28	18:28	19:28	20:28	21:28	23:28	05:28	09:28	12:28	15:28	18:28	22:28
175	05:29	06:29	07:29	08:29	09:29	11:29	13:29	15:29	16:29	17:29	18:29	19:29	20:29	21:29	23:29	05:29	09:29	12:29	15:29	18:29	22:29
176	05:30	06:30	07:30	08:30	09:30	11:30	13:30	15:30	16:30	17:30	18:30	19:30	20:30	21:30	23:30	05:30	09:30	12:30	15:30	18:30	22:30
173	05:32	06:32	07:32	08:32	09:32	11:32	13:32	15:32	16:32	17:32	18:32	19:32	20:32	21:32	23:32	05:32	09:32	12:32	15:32	18:32	22:32
496	05:33	06:33	07:33	08:33	09:33	11:33	13:33	15:33	16:33	17:33	18:33	19:33	20:33	21:33	23:33	05:33	09:33	12:33	15:33	18:33	22:33
491	05:34	06:34	07:34	08:34	09:34	11:34	13:34	15:34	16:34	17:34	18:34	19:34	20:34	21:34	23:34	05:34	09:34	12:34	15:34	18:34	22:34
422	05:35	06:35	07:35	08:35	09:35	11:35	13:35	15:35	16:35	17:35	18:35	19:35	20:35	21:35	23:35	05:35	09:35	12:35	15:35	18:35	22:35
493	05:36	06:36	07:36	08:36	09:36	11:36	13:36	15:36	16:36	17:36	18:36	19:36	20:36	21:36	23:36	05:36	09:36	12:36	15:36	18:36	22:36
504	05:38	06:38	07:38	08:38	09:38	11:38	13:38	15:38	16:38	17:38	18:38	19:38	20:38	21:38	23:38	05:38	09:38	12:38	15:38	18:38	22:38
499	05:39	06:39	07:39	08:39	09:39	11:39	13:39	15:39	16:39	17:39	18:39	19:39	20:39	21:39	23:39	05:39	09:39	12:39	15:39	18:39	22:39
489	05:40	06:40	07:40	08:40	09:40	11:40	13:40	15:40	16:40	17:40	18:40	19:40	20:40	21:40	23:40	05:40	09:40	12:40	15:40	18:40	22:40
495	05:41	06:41	07:41	08:41	09:41	11:41	13:41	15:41	16:41	17:41	18:41	19:41	20:41	21:41	23:41	05:41	09:41	12:41	15:41	18:41	22:41
501	05:42	06:42	07:42	08:42	09:42	11:42	13:42	15:42	16:42	17:42	18:42	19:42	20:42	21:42	23:42	05:42	09:42	12:42	15:42	18:42	22:42
399	05:43	06:43	07:43	08:43	09:43	11:43	13:43	15:43	16:43	17:43	18:43	19:43	20:43	21:43	23:43	05:43	09:43	12:43	15:43	18:43	22:43
397	05:45	06:45	07:45	08:45	09:45	11:45	13:45	15:45	16:45	17:45	18:45	19:45	20:45	21:45	23:45	05:45	09:45	12:45	15:45	18:45	22:45
396	05:46	06:46	07:46	08:46	09:46	11:46	13:46	15:46	16:46	17:46	18:46	19:46	20:46	21:46	23:46	05:46	09:46	12:46	15:46	18:46	22:46